{
	"info": {
		"_postman_id": "9bfc62e4-822e-43f5-858c-5525a4cede73",
		"name": "monetique",
		"schema": "https://schema.getpostman.com/json/collection/v2.1.0/collection.json"
	},
	"item": [
		{
			"name": "sendsms",
			"request": {
				"auth": {
					"type": "noauth"
				},
				"method": "POST",
				"header": [
					{
						"warning": "This is a duplicate header and will be overridden by the Authorization header generated by Postman.",
						"key": "Authorization",
						"value": " Bearer b45f3329-0d6c-3d17-903f-4049726fc077",
						"type": "text"
					},
					{
						"warning": "This is a duplicate header and will be overridden by the Authorization header generated by Postman.",
						"key": "Authorization",
						"value": " Basic cG93ZXJjYXJkOkJRQ1BEV1gz",
						"type": "text"
					},
					{
						"key": "Content-Type",
						"name": "Content-Type",
						"value": "application/json",
						"type": "text"
					}
				],
				"body": {
					"mode": "raw",
					"raw": "{\n\t\"to\":\"22503612783\", \n\t\"text\":\"un texte\"\n}"
				},
				"url": {
					"raw": "http://192.168.200.42:8280/pushsms/v1.0.0/sendSms_notification?",
					"protocol": "http",
					"host": [
						"192",
						"168",
						"200",
						"42"
					],
					"port": "8280",
					"path": [
						"pushsms",
						"v1.0.0",
						"sendSms_notification"
					],
					"query": [
						{
							"key": "to",
							"value": "22503612783",
							"disabled": true
						},
						{
							"key": "text",
							"value": "message_text",
							"disabled": true
						}
					]
				},
				"description": "sendsms"
			},
			"response": [
				{
					"name": "sendsms",
					"originalRequest": {
						"method": "POST",
						"header": [
							{
								"warning": "This is a duplicate header and will be overridden by the Authorization header generated by Postman.",
								"key": "Authorization",
								"value": " Bearer b45f3329-0d6c-3d17-903f-4049726fc077",
								"type": "text",
								"disabled": true
							},
							{
								"warning": "This is a duplicate header and will be overridden by the Authorization header generated by Postman.",
								"key": "Authorization",
								"value": " Basic cG93ZXJjYXJkOkJRQ1BEV1gz",
								"type": "text",
								"disabled": true
							}
						],
						"url": {
							"raw": "http://192.168.200.42:8280/pushsms/v1.0.0/sendSms_notification?to=22503612783&text=message_text",
							"protocol": "http",
							"host": [
								"192",
								"168",
								"200",
								"42"
							],
							"port": "8280",
							"path": [
								"pushsms",
								"v1.0.0",
								"sendSms_notification"
							],
							"query": [
								{
									"key": "to",
									"value": "22503612783"
								},
								{
									"key": "text",
									"value": "message_text"
								}
							]
						}
					},
					"status": "Unauthorized",
					"code": 401,
					"_postman_previewlanguage": "xml",
					"header": [
						{
							"key": "Accept",
							"value": "*/*"
						},
						{
							"key": "Cache-Control",
							"value": "no-cache"
						},
						{
							"key": "Access-Control-Allow-Origin",
							"value": "*"
						},
						{
							"key": "Access-Control-Allow-Methods",
							"value": "POST"
						},
						{
							"key": "WWW-Authenticate",
							"value": "OAuth2 realm=\"WSO2 API Manager\", error=\"invalid token\", error_description=\"The access token expired\""
						},
						{
							"key": "Postman-Token",
							"value": "c3b8d923-ccea-4f18-94d5-e7da65a854f0"
						},
						{
							"key": "accept-encoding",
							"value": "gzip, deflate"
						},
						{
							"key": "Access-Control-Allow-Headers",
							"value": "authorization,Access-Control-Allow-Origin,Content-Type,SOAPAction"
						},
						{
							"key": "Content-Type",
							"value": "application/xml; charset=UTF-8"
						},
						{
							"key": "Date",
							"value": "Wed, 10 Jul 2019 15:17:34 GMT"
						},
						{
							"key": "Transfer-Encoding",
							"value": "chunked"
						},
						{
							"key": "Connection",
							"value": "keep-alive"
						}
					],
					"cookie": [],
					"body": "<ams:fault xmlns:ams=\"http://wso2.org/apimanager/security\">\n    <ams:code>900902</ams:code>\n    <ams:message>Missing Credentials</ams:message>\n    <ams:description>Required OAuth credentials not provided. Make sure your API invocation call has a header: \"Authorization: Bearer ACCESS_TOKEN\"</ams:description>\n</ams:fault>"
				},
				{
					"name": "sendsms",
					"originalRequest": {
						"method": "POST",
						"header": [
							{
								"key": "Authorization",
								"value": " Bearer b45f3329-0d6c-3d17-903f-4049726fc077",
								"type": "text",
								"disabled": true
							},
							{
								"key": "Authorization",
								"value": " Basic cG93ZXJjYXJkOkJRQ1BEV1gz",
								"type": "text",
								"disabled": true
							}
						],
						"body": {
							"mode": "formdata",
							"formdata": []
						},
						"url": {
							"raw": "http://192.168.200.42:8280/pushsms/v1.0.0/sendSms_notification?to=22503612783&text=message_text",
							"protocol": "http",
							"host": [
								"192",
								"168",
								"200",
								"42"
							],
							"port": "8280",
							"path": [
								"pushsms",
								"v1.0.0",
								"sendSms_notification"
							],
							"query": [
								{
									"key": "to",
									"value": "22503612783"
								},
								{
									"key": "text",
									"value": "message_text"
								}
							]
						}
					},
					"status": "OK",
					"code": 200,
					"_postman_previewlanguage": "json",
					"header": [
						{
							"key": "Access-Control-Allow-Origin",
							"value": "*"
						},
						{
							"key": "Access-Control-Allow-Methods",
							"value": "POST"
						},
						{
							"key": "Access-Control-Allow-Headers",
							"value": "authorization,Access-Control-Allow-Origin,Content-Type,SOAPAction"
						},
						{
							"key": "Content-Type",
							"value": "application/json"
						},
						{
							"key": "X-Powered-By",
							"value": "PHP/7.2.20"
						},
						{
							"key": "Date",
							"value": "Wed, 10 Jul 2019 15:09:39 GMT"
						},
						{
							"key": "Transfer-Encoding",
							"value": "chunked"
						},
						{
							"key": "Connection",
							"value": "keep-alive"
						}
					],
					"cookie": [],
					"body": "{\n    \"erreur\": \"1\",\n    \"message\": \"Autorisation non defini\",\n    \"retour\": []\n}"
				}
			]
		}
	],
	"auth": {
		"type": "basic",
		"basic": [
			{
				"key": "password",
				"value": "BQCPDWX3",
				"type": "string"
			},
			{
				"key": "username",
				"value": "powercard",
				"type": "string"
			}
		]
	},
	"event": [
		{
			"listen": "prerequest",
			"script": {
				"id": "ad364fe6-aa59-4a94-af44-97fb46085bc0",
				"type": "text/javascript",
				"exec": [
					""
				]
			}
		},
		{
			"listen": "test",
			"script": {
				"id": "e3919b0c-c782-41e3-93af-faae4a6f6a89",
				"type": "text/javascript",
				"exec": [
					""
				]
			}
		}
	]
}