<?xml version="1.0" encoding="UTF-8"?>
<con:soapui-project id="587ba92e-73ab-4250-a916-330e0ee75300" activeEnvironment="Default" name="MonnetiqueSoapUI" resourceRoot="" soapui-version="5.5.0" xmlns:con="http://eviware.com/soapui/config"><con:settings/><con:interface xsi:type="con:RestService" id="d15695bc-232f-4758-951d-9d07abaf1bb1" wadlVersion="http://wadl.dev.java.net/2009/02" name="http://192.168.200.42:8280" type="rest" xmlns:xsi="http://www.w3.org/2001/XMLSchema-instance"><con:settings/><con:definitionCache/><con:endpoints><con:endpoint>http://192.168.200.42:8280</con:endpoint></con:endpoints><con:resource name="SendSms_notification" path="/pushsms/v1.0.0/sendSms_notification" id="b2f9ae5a-7486-4db3-b308-b83ce2d87910"><con:settings/><con:parameters/><con:method name="SendSms_notification 1" id="4a35f6a8-caef-4a19-a550-0aa4e2bcb71c" method="POST"><con:settings/><con:parameters/><con:representation type="REQUEST"><con:mediaType>application/json</con:mediaType><con:params/></con:representation><con:representation type="FAULT"><con:mediaType>application/xml; charset=UTF-8</con:mediaType><con:status>401</con:status><con:params/><con:element xmlns:sec="http://wso2.org/apimanager/security">sec:fault</con:element></con:representation><con:representation type="RESPONSE"><con:mediaType>application/json</con:mediaType><con:status>200</con:status><con:params/><con:element xmlns:sen="http://192.168.200.42/pushsms/v1.0.0/sendSms_notification">sen:Response</con:element></con:representation><con:request name="sendSms" id="487ac902-fe1a-4f97-a217-ade383be9740" mediaType="application/json" postQueryString="false"><con:settings><con:setting id="com.eviware.soapui.impl.wsdl.WsdlRequest@request-headers">&lt;xml-fragment xmlns:con="http://eviware.com/soapui/config">
  &lt;con:entry key="Authorization" value="Bearer b45f3329-0d6c-3d17-903f-4049726fc077"/>
  &lt;con:entry key="Authorization" value="Basic cG93ZXJjYXJkOkJRQ1BEV1gz"/>
  &lt;con:entry key="Content-Type" value="application/json"/>
&lt;/xml-fragment></con:setting></con:settings><con:endpoint>http://192.168.200.42:8280</con:endpoint><con:request>{
	"to":"22503612783", 
	"text":"un texte"
}</con:request><con:originalUri>http://192.168.200.42/pushsms/v1.0.0/sendSms_notification</con:originalUri><con:credentials><con:authType>No Authorization</con:authType></con:credentials><con:jmsConfig JMSDeliveryMode="PERSISTENT"/><con:jmsPropertyConfig/><con:parameters/></con:request></con:method></con:resource></con:interface><con:properties/><con:wssContainer/><con:oAuth2ProfileContainer/><con:oAuth1ProfileContainer/></con:soapui-project>